{"cameraMode":{"drawMode":0,"name":"Shaded","section":"Shading Mode"},"sceneLighting":false,"audioPlay":false,"sceneViewState":{"m_AlwaysRefresh":false,"showFog":true,"showSkybox":true,"showFlares":true,"showImageEffects":false,"showParticleSystems":true,"showVisualEffectGraphs":true,"m_FxEnabled":true},"in2DMode":false,"pivot":{"x":11.595426559448243,"y":0.4594278335571289,"z":15.876654624938965},"rotation":{"x":0.13289421796798707,"y":-0.6918933391571045,"z":0.13186264038085938,"w":0.6973084807395935},"size":15.41018009185791,"orthographic":false}