{"cameraMode":{"drawMode":0,"name":"Shaded","section":"Shading Mode"},"sceneLighting":false,"audioPlay":false,"sceneViewState":{"m_AlwaysRefresh":false,"showFog":true,"showSkybox":false,"showFlares":true,"showImageEffects":true,"showParticleSystems":true,"showVisualEffectGraphs":true,"m_FxEnabled":true},"in2DMode":false,"pivot":{"x":0.008932799100875855,"y":0.36373192071914675,"z":-0.00033015012741088867},"rotation":{"x":0.10734182596206665,"y":-0.11753968894481659,"z":0.01277509331703186,"w":0.9871795773506165},"size":0.6966372728347778,"orthographic":true}