{"cameraMode":{"drawMode":0,"name":"Shaded","section":"Shading Mode"},"sceneLighting":true,"audioPlay":false,"sceneViewState":{"m_AlwaysRefresh":false,"showFog":true,"showSkybox":true,"showFlares":true,"showImageEffects":true,"showParticleSystems":true,"showVisualEffectGraphs":true,"m_FxEnabled":true},"in2DMode":false,"pivot":{"x":18.120250701904298,"y":-212.1939697265625,"z":131.1358642578125},"rotation":{"x":-0.47730696201324465,"y":-0.01924446038901806,"z":0.01045756321400404,"w":-0.8784793019294739},"size":161.89654541015626,"orthographic":false}